date,source,measure,aggregation,denominator,top1_share,top3_share,top5_share,top10_share,hhi,effective_count_hhi,entropy,effective_count_entropy,gini_observed_units,observed_units
2026-08-11,official_public_day,tokens,exact_model_variant,10931401727980,0.16132563672736577,0.3741213852132141,0.5052832841524041,0.6627775885530292,0.06825191621558971,14.651603287463242,3.410620227146877,30.284021407943325,0.9395985595648605,491
2026-08-11,official_public_day,tokens,model_permaslug,10931401727980,0.16132563672736577,0.3741231624463159,0.5052850613855059,0.6645024454718576,0.06836333718078524,14.62772359043157,3.3960022669632157,29.844550697132032,0.9340139184697613,440
2026-08-11,official_public_day,tokens,heuristic_family,10931401727980,0.2281358078514085,0.44122837600720777,0.5625171915875865,0.6850122092662974,0.09002292623682889,11.108281432323562,3.250046073059368,25.791528184428532,0.9366250604674771,426
2026-08-11,official_public_day,tokens,author,10931401727980,0.2724996527995545,0.5536403570537658,0.7060700468206341,0.9162179525609438,0.13742751071653417,7.276563439053023,2.3215165737826724,10.191118174870128,0.8837794888332353,71
2026-08-11,official_public_day,requests,exact_model_variant,648731098,0.12188744649944314,0.26416525356704884,0.3435918451993186,0.4863201023854725,0.03745543345316211,26.69839614192415,4.055073718834815,57.68941563591316,0.897695244309383,491
2026-08-11,official_public_day,requests,model_permaslug,648731098,0.12188744649944314,0.26417545964476025,0.3437379380878701,0.4865557624308617,0.03752768630277126,26.646993154122438,4.040990214287713,56.88264093103748,0.8884639703810284,440
2026-08-11,official_public_day,requests,heuristic_family,648731098,0.20301401059087196,0.31084890121916126,0.3761451605330627,0.518559127251828,0.05771832777894794,17.325519267118093,3.874845003351692,48.17523071309699,0.8931803174216582,426
2026-08-11,official_public_day,requests,author,648731098,0.24808564981110248,0.6894394247152308,0.7928434178439832,0.9147664091170176,0.17002902256593472,5.881348871556413,2.1948395484442553,8.978560317266757,0.8985266217564393,71
2026-08-11,official_public_week,tokens,exact_model_variant,71451285950944,0.1403818802072306,0.350073162892928,0.4887490721046234,0.6666205494681893,0.0626902229922091,15.951450677153856,3.4401184751083917,31.190653265443057,0.9416587994567256,509
2026-08-11,official_public_week,tokens,model_permaslug,71451285950944,0.1403818802072306,0.350073162892928,0.48875229057368164,0.6683197049766899,0.0627988176830895,15.923866672879745,3.426382122412375,30.765136665199435,0.9347894213293702,447
2026-08-11,official_public_week,tokens,heuristic_family,71451285950944,0.2173286380712906,0.42089569368265056,0.5409140555365942,0.6917976326824381,0.08454963502980832,11.827372166035323,3.275991049403432,26.469445013680424,0.9372372316405512,429
2026-08-11,official_public_week,tokens,author,71451285950944,0.2608251034644084,0.5219792740718231,0.6910356716313468,0.909691550618345,0.1289241416062002,7.7564991904658775,2.370387330603403,10.701536514061027,0.8836989501710781,74
2026-08-11,official_public_week,requests,exact_model_variant,4056098870,0.13434512285446334,0.26923272854046576,0.34726875974795945,0.47827631923577835,0.03868978770464347,25.84661377917,4.069944200384791,58.55369522707163,0.8984734167366082,509
2026-08-11,official_public_week,requests,model_permaslug,4056098870,0.13434512285446334,0.26923519371706045,0.3472944664684665,0.4783240384867639,0.03876478327606095,25.796610105583806,4.054928948683937,57.68106453501714,0.8872079191729756,447
2026-08-11,official_public_week,requests,heuristic_family,4056098870,0.20723528073170464,0.30851006918379187,0.37694926874403334,0.510258335739237,0.05876788119624527,17.016097562896157,3.889817973729805,48.90198426773285,0.8913042861613998,429
2026-08-11,official_public_week,requests,author,4056098870,0.2544060137764837,0.6837577413392786,0.7823515320276204,0.9048687227883081,0.16811665146219518,5.948250761019188,2.2215925009624433,9.222005230516348,0.8995856736895934,74
2025-01-01,secondary_pinned_archive,tokens,top50_plus_other_bucket,49151682771,0.2369407312107589,0.47601038247268923,0.6094951059676711,0.7403083985248403,0.10361545314358182,9.651070083284601,2.8751606440693216,17.72827183445094,0.7125736675884301,51
2025-06-01,secondary_pinned_archive,tokens,top50_plus_other_bucket,295219520457,0.1854813795484628,0.3823844477501024,0.5053150486596246,0.7075092063921392,0.0752094575083185,13.296200147293916,3.0702779490306544,21.54789105816348,0.669155797570699,51
2026-01-01,secondary_pinned_archive,tokens,top50_plus_other_bucket,676146556672,0.06973013249533042,0.20736516460589738,0.33637811332718515,0.5121611485422218,0.04301743435835379,23.24638870067351,3.4632346945195605,31.920061348318395,0.521108540244696,51
2026-06-04,secondary_pinned_archive,tokens,top50_plus_other_bucket,5415123633763,0.08974856285936285,0.25472964300215845,0.37217696412676327,0.5752926438100867,0.04761238799377719,21.002937305532697,3.3822800853706303,29.437815383112632,0.561049212633387,51
