cutoff_date,evaluation_date,days_after_cutoff,whitelist_named_models,named_whitelist_share_of_total_lower_bound,named_whitelist_share_of_visible_top50,other_share,interpretation
2025-01-01,2025-01-01,0,50,0.9543926866259275,1.0,0.045607313374072554,descriptive lower bound; entrant demand is not a frozen-whitelist counterfactual
2025-01-01,2025-01-31,30,50,0.8407795167821377,0.8810584055104164,0.045716479720710794,descriptive lower bound; entrant demand is not a frozen-whitelist counterfactual
2025-01-01,2025-03-02,60,50,0.26172896990224637,0.27031673395735156,0.03176926537023083,descriptive lower bound; entrant demand is not a frozen-whitelist counterfactual
2025-01-01,2025-04-01,90,50,0.2673277217216252,0.2752853010560832,0.02890666266571473,descriptive lower bound; entrant demand is not a frozen-whitelist counterfactual
2025-01-01,2025-05-01,120,50,0.17489082474318327,0.1874214085053604,0.06685780382350907,descriptive lower bound; entrant demand is not a frozen-whitelist counterfactual
2025-01-01,2025-05-31,150,50,0.27815463440203914,0.29294446281098546,0.05048679967195376,descriptive lower bound; entrant demand is not a frozen-whitelist counterfactual
2025-01-01,2025-06-30,180,50,0.12471370754981023,0.13180077847808166,0.053771085498178675,descriptive lower bound; entrant demand is not a frozen-whitelist counterfactual
2025-01-01,2025-07-30,210,50,0.08869961276290121,0.09377902387879197,0.054163616828170724,descriptive lower bound; entrant demand is not a frozen-whitelist counterfactual
2025-01-01,2025-08-29,240,50,0.04608249063171438,0.0487871354732634,0.05543766436197589,descriptive lower bound; entrant demand is not a frozen-whitelist counterfactual
2025-01-01,2025-09-28,270,50,0.022924411907572332,0.024119039019380725,0.04953046059788936,descriptive lower bound; entrant demand is not a frozen-whitelist counterfactual
2025-01-01,2025-10-28,300,50,0.029349111726339503,0.03127847899684086,0.061683538726298726,descriptive lower bound; entrant demand is not a frozen-whitelist counterfactual
2025-01-01,2025-11-27,330,50,0.028775590038329663,0.03080251603280595,0.06580391005454005,descriptive lower bound; entrant demand is not a frozen-whitelist counterfactual
2025-01-01,2025-12-27,360,50,0.04435267275700788,0.04848281830502172,0.08518781895123549,descriptive lower bound; entrant demand is not a frozen-whitelist counterfactual
2025-01-01,2026-01-26,390,50,0.032683016585548244,0.035606521705247765,0.08210588902506165,descriptive lower bound; entrant demand is not a frozen-whitelist counterfactual
2025-01-01,2026-02-25,420,50,0.02203700122318966,0.023672070549665927,0.06907166498366747,descriptive lower bound; entrant demand is not a frozen-whitelist counterfactual
2025-01-01,2026-03-27,450,50,0.01201801615534272,0.012905403674123008,0.06876092690998994,descriptive lower bound; entrant demand is not a frozen-whitelist counterfactual
2025-01-01,2026-04-26,480,50,0.01874022521416518,0.021129354562838657,0.11307157261090066,descriptive lower bound; entrant demand is not a frozen-whitelist counterfactual
2025-01-01,2026-05-26,510,50,0.01845545018863341,0.020119935116046674,0.0827281458818302,descriptive lower bound; entrant demand is not a frozen-whitelist counterfactual
2025-06-01,2025-06-01,0,50,0.9477906715174513,1.0,0.05220932848254864,descriptive lower bound; entrant demand is not a frozen-whitelist counterfactual
2025-06-01,2025-07-01,30,50,0.7913424624002382,0.8361571940856413,0.05359606064791328,descriptive lower bound; entrant demand is not a frozen-whitelist counterfactual
2025-06-01,2025-07-31,60,50,0.5832931076753689,0.6174563426773225,0.055328988692253195,descriptive lower bound; entrant demand is not a frozen-whitelist counterfactual
2025-06-01,2025-08-30,90,50,0.33858843675223194,0.3589131355161773,0.056628461743856356,descriptive lower bound; entrant demand is not a frozen-whitelist counterfactual
2025-06-01,2025-09-29,120,50,0.27325574351426524,0.29000757611544337,0.057763430961230114,descriptive lower bound; entrant demand is not a frozen-whitelist counterfactual
2025-06-01,2025-10-29,150,50,0.14930135051088947,0.15912945557168873,0.06176169600713326,descriptive lower bound; entrant demand is not a frozen-whitelist counterfactual
2025-06-01,2025-11-28,180,50,0.10267563110608496,0.10942938128978985,0.06171788695231374,descriptive lower bound; entrant demand is not a frozen-whitelist counterfactual
2025-06-01,2025-12-28,210,50,0.13355872550530545,0.14588994965744354,0.08452415112276322,descriptive lower bound; entrant demand is not a frozen-whitelist counterfactual
2025-06-01,2026-01-27,240,50,0.10434616141678306,0.11459577652331923,0.08944147347743182,descriptive lower bound; entrant demand is not a frozen-whitelist counterfactual
2025-06-01,2026-02-26,270,50,0.052131620507844534,0.05636328498983379,0.07507838627135588,descriptive lower bound; entrant demand is not a frozen-whitelist counterfactual
2025-06-01,2026-03-28,300,50,0.031491422895038354,0.03353699996759266,0.06099463501598155,descriptive lower bound; entrant demand is not a frozen-whitelist counterfactual
2025-06-01,2026-04-27,330,50,0.02674071052527134,0.030129191741769874,0.1124650553370431,descriptive lower bound; entrant demand is not a frozen-whitelist counterfactual
2025-06-01,2026-05-27,360,50,0.02108727398707178,0.023015257594238746,0.08376980354326273,descriptive lower bound; entrant demand is not a frozen-whitelist counterfactual
2026-01-01,2026-01-01,0,50,0.9091472330993475,1.0,0.09085276690065244,descriptive lower bound; entrant demand is not a frozen-whitelist counterfactual
2026-01-01,2026-01-31,30,50,0.7738299002482201,0.8383425405894611,0.07695260256729959,descriptive lower bound; entrant demand is not a frozen-whitelist counterfactual
2026-01-01,2026-03-02,60,50,0.49787760208721754,0.5368241125260722,0.07254985297807971,descriptive lower bound; entrant demand is not a frozen-whitelist counterfactual
2026-01-01,2026-04-01,90,50,0.2448009231538973,0.2581812607998065,0.051825363329852096,descriptive lower bound; entrant demand is not a frozen-whitelist counterfactual
2026-01-01,2026-05-01,120,50,0.22547873202839827,0.25381373231562265,0.11163698681200294,descriptive lower bound; entrant demand is not a frozen-whitelist counterfactual
2026-01-01,2026-05-31,150,50,0.15339246325528538,0.16498805052340756,0.07028137632596033,descriptive lower bound; entrant demand is not a frozen-whitelist counterfactual
2026-06-04,2026-06-04,0,50,0.9220696357841515,1.0,0.07793036421584858,descriptive lower bound; entrant demand is not a frozen-whitelist counterfactual
